{
	"{'n_estimators': 200}": {
		"val_scores": {
			"def_score": [
				0.8542402826855123,
				0.8515901060070671,
				0.8515901060070671,
				0.8436395759717314,
				0.8443854995579133,
				0.8585322723253758,
				0.870026525198939,
				0.8664898320070734,
				0.8488063660477454,
				0.8717948717948718
			],
			"bal_acc": [
				0.8468557825336782,
				0.8439460172464577,
				0.8417295663544321,
				0.8400848598730773,
				0.8373350787176431,
				0.8511986011855728,
				0.863077573927652,
				0.8617866702576572,
				0.8428190261122154,
				0.8622730637915155
			],
			"matthews": [
				0.8469698367716954,
				0.844104868658694,
				0.8442245251422908,
				0.8355285139809082,
				0.8366762983963827,
				0.8513199267013993,
				0.8636507370084231,
				0.8596150397277491,
				0.8412716000550204,
				0.8654092432286423
			]
		},
		"query_time": [
			9.837219715118408,
			10.23692766825358,
			10.710163990656534,
			10.56727647781372,
			10.142315864562988,
			9.610219637552897,
			9.59321633974711,
			10.202996174494425,
			9.485557874043783,
			9.579466819763184
		],
		"test_scores": {
			"def_score": 0.7677907594264471,
			"bal_acc": 0.7563223058887996,
			"matthews": 0.7559747326539107
		}
	},
	"q_strat_config": {
		"k_den": 5,
		"n_iter": 2000,
		"den_func": "_information_density"
	}
}