{
	"{'n_estimators': 200}": {
		"val_scores": {
			"def_score": [
				0.8162544169611308,
				0.8224381625441696,
				0.8109540636042403,
				0.8144876325088339,
				0.8116710875331565,
				0.8364279398762158,
				0.8284703801945181,
				0.8222811671087533,
				0.8134394341290893,
				0.843501326259947
			],
			"bal_acc": [
				0.8043739989596881,
				0.8092222882432194,
				0.7957904831488624,
				0.8059425515728554,
				0.7987706070368785,
				0.8249114484898328,
				0.8180157665600509,
				0.8131150243597676,
				0.8015155870081955,
				0.8302663776799006
			],
			"matthews": [
				0.8074249246686783,
				0.8138113542930265,
				0.8018942208052222,
				0.8051826533994215,
				0.8025924957116491,
				0.8283727852508712,
				0.8202901184732211,
				0.8133214415248615,
				0.8042724926562268,
				0.8360568651604541
			]
		},
		"query_time": [
			11.746381044387817,
			11.831411600112915,
			12.752918084462484,
			12.233993768692017,
			12.842090368270874,
			13.83101216952006,
			12.259945948918661,
			12.875306606292725,
			12.443877776463827,
			12.607427914937338
		],
		"test_scores": {
			"def_score": 0.748672331386086,
			"bal_acc": 0.7332890872136163,
			"matthews": 0.7365356088735567
		}
	},
	"q_strat_config": {
		"weights": [
			-1,
			-1,
			-1
		],
		"k_den": 5,
		"n_iter": 2000
	}
}
