{
	"{'n_estimators': 200}": {
		"val_scores": {
			"def_score": [
				0.8657243816254417,
				0.8630742049469965,
				0.8648409893992933,
				0.8462897526501767,
				0.8541114058355438,
				0.8585322723253758,
				0.8647214854111406,
				0.8779840848806366,
				0.8558797524314765,
				0.874447391688771
			],
			"bal_acc": [
				0.8603852112292325,
				0.8558309210777807,
				0.8576990107952405,
				0.8393329099856957,
				0.8466238408976239,
				0.852185359856618,
				0.8562850226929296,
				0.8720180699999422,
				0.8480694652614202,
				0.8669402635006274
			],
			"matthews": [
				0.8589631220204359,
				0.8561301228305128,
				0.8580646221737918,
				0.8384760542803686,
				0.8468075025833577,
				0.8514612126331819,
				0.8579579046201027,
				0.8717514473771374,
				0.8487287369739325,
				0.8681514671731307
			]
		},
		"query_time": [
			12.504012107849121,
			12.729724645614624,
			12.603061517079672,
			13.168086687723795,
			12.215683142344156,
			12.292556206385294,
			12.624315738677979,
			14.209839423497518,
			17.09641742706299,
			17.49360267321269
		],
		"test_scores": {
			"def_score": 0.7758895379713223,
			"bal_acc": 0.7651970514493577,
			"matthews": 0.7646542835564546
		}
	},
	"q_strat_config": {
		"k_den": 5,
		"n_iter": 2000
	}
}