{
	"{'n_estimators': 200}": {
		"val_scores": {
			"def_score": [
				0.8613074204946997,
				0.8692579505300353,
				0.872791519434629,
				0.8551236749116607,
				0.8594164456233422,
				0.8594164456233422,
				0.870026525198939,
				0.874447391688771,
				0.8567639257294429,
				0.8753315649867374
			],
			"bal_acc": [
				0.855258551766814,
				0.862413681235294,
				0.8662340318663286,
				0.8494232398691267,
				0.8526857091743387,
				0.8523956582634927,
				0.8638351491352056,
				0.869849063848997,
				0.8494023684573643,
				0.8680273211576891
			],
			"matthews": [
				0.8543271756944886,
				0.8625485561864457,
				0.8663440646584162,
				0.8476659344045855,
				0.8524087651294426,
				0.8525350725678451,
				0.8633731951408442,
				0.8681335603673195,
				0.8495756791957402,
				0.8689964461766059
			]
		},
		"query_time": [
			1.479435920715332,
			1.4476375579833984,
			1.5344836711883545,
			1.5410929520924885,
			1.45897110303243,
			1.461509148279826,
			1.4659247398376465,
			1.4696061611175537,
			1.4791347980499268,
			1.4939241409301758
		],
		"test_scores": {
			"def_score": 0.7746946362187997,
			"bal_acc": 0.7632881761957655,
			"matthews": 0.7632286770817216
		}
	},
	"q_strat_config": {
		"n_instances": 2000
	}
}
